<?xml version="1.0" encoding="utf-8"?>
<odoo>
    <data noupdate="0">
        <!-- Groups  -->
        <record id="group_pi_admin" model="res.groups">
            <field name="name">Pi Admin Group</field>
        </record>
        
        <record id="group_pi_internal_company_user" model="res.groups">
            <field name="name">Pi Internal Company User Group</field>
        </record>
        
        <record id="group_pi_external_user" model="res.groups">
            <field name="name">Pi External User Group</field>
        </record>
    </data>
</odoo>
