<?xml version="1.0" encoding="utf-8"?>
<odoo>
    <data noupdate="1">
        <!-- Groups  -->
        <record id="first_pi_app" model="admin.apps">
            <field name="name">Example</field>
            <field name="app">auth_first_app</field>
            <field name="admin_key">Your Server API Key</field>
            <field name="sandbox">False</field>
        </record>
        
        <record forcecreate="True" id="check_pi_transactions_base_v1" model="ir.cron">
           <field name="name">Check Pi Transactions</field>
           <field eval="True" name="active" />
           <field name="user_id" ref="base.user_root" />
           <field name="interval_number">12</field>
           <field name="interval_type">hours</field>
           <field name="numbercall">-1</field>
           <field ref="model_pi_transactions" name="model_id" />
            <field name="state">code</field>
           <field name="code">
               model.search([('action', 'in', ['approve', 'cancelled'])]).check_transactions()
               env['pi.users'].search([('unblocked', '=', True)]).check_users()
            </field>
           <field eval="False" name="doall"/>
        </record>

        <record forcecreate="True" id="check_users_winners_base_v1" model="ir.cron">
           <field name="name">Check Users Winners</field>
           <field eval="True" name="active" />
           <field name="user_id" ref="base.user_root" />
           <field name="interval_number">24</field>
           <field name="interval_type">hours</field>
           <field name="numbercall">-1</field>
           <field ref="model_admin_apps" name="model_id" />
            <field name="state">code</field>
           <field name="code">
               model.search([('app', 'in', ['auth_platform'])]).fill_winners()
            </field>
           <field eval="False" name="doall"/>
        </record>
        
        <!--<record forcecreate="True" id="check_pi_users_base_v1" model="ir.cron">
           <field name="name">Check Pi Users</field>
           <field eval="True" name="active" />
           <field name="user_id" ref="base.user_root" />
           <field name="interval_number">12</field>
           <field name="interval_type">hours</field>
           <field name="numbercall">-1</field>
           <field ref="model_pi_users" name="model_id" />
            <field name="state">code</field>
           <field name="code">model.search([('unblocked', '=', True)]).check_users()</field>
           <field eval="False" name="doall"/>
        </record>-->
    </data>
</odoo>
