<?xml version="1.0" encoding="utf-8"?>
<odoo>
<data>
<template id="odoo_std_report_invoice_document">
    <t t-if="o and 'company_id' in o">
        <t t-set="company" t-value="o.company_id"></t>
    </t>
    <t t-if="not o or not 'company_id' in o">
        <t t-set="company" t-value="res_company"></t>
    </t>
        <div class="header">
            <div class="row mt32 mb32">
                <div class="col-6">
                    <img t-if="company.logo" t-att-src="'data:image/png;base64,%s' % to_text(company.logo)" style="max-height: 50px;" />
                </div>
                <div class="col-6 text-right" style="font:12px lucida-console,sans-serif !important;">
                    <span t-field="company.partner_id" />
                    <br/>
                    <span t-field="company.partner_id.street" />
                    <br/>
                    <span t-field="company.partner_id.street2" />
                    <br/>
                    <span t-field="company.partner_id.city" />
                    <br/>
                    <span t-field="company.partner_id.country_id" />
                    <br/>
                    <span t-field="company.partner_id.vat" />
                    <br/>
                </div>
            </div>
        </div>
    <t t-call="web.external_layout">
        <t t-set="o" t-value="o.with_context({'lang':o.partner_id.lang})" />
        <div class="page">
            <div class="row" style="padding-top:20px;">
            <div class="col-3" style="font:15px lucida-console,sans-serif !important;" >
                <span style="color:#893b74 !important;" t-field="o.partner_id" /><br/>
                <span style="color:gray !important;" t-field="o.partner_id.street" /><br/>
                <span style="color:gray !important;" t-field="o.partner_id.street2" /><br/>
                <span style="color:gray !important;" t-field="o.partner_id.city" /><br/>
                <span style="color:gray !important;" t-field="o.partner_id.state_id" /><br/>
                <span style="color:gray !important;" t-field="o.partner_id.country_id" /><br/>
                <span style="color:gray !important;" t-field="o.partner_id.vat" /><br/>
            </div>
            <div class="col-3" />

                <div class="col-6" style="font:15px lucida-console,sans-serif !important;  background-color:  #893b74;" >
                    <h2>
                        <span  t-if="o.move_type == 'out_invoice' and (o.state == 'draft' or o.state == 'posted')"><font color="#fff">Invoice</font></span>
                        <span  t-if="o.move_type == 'out_invoice' and o.state == 'proforma2'"><font color="#fff">PRO-FORMA</font></span>
                        <span   t-if="o.move_type == 'out_invoice' and o.state == 'draft'"><font color="#fff">Draft Invoice</font></span>
                        <span   t-if="o.move_type == 'out_invoice' and o.state == 'cancel'"><font color="#fff">Cancelled Invoice</font></span>
                        <span   t-if="o.move_type == 'out_refund'"><font color="#fff">Refund</font></span>
                        <span   t-if="o.move_type == 'in_refund'"><font color="#fff">Vendor Refund</font></span>
                        <span   t-if="o.move_type == 'in_invoice'"><font color="#fff">Vendor Bill</font></span>
                        <font color="#fff"><span t-field="o.name"/></font>
                    </h2>
                    <div t-if="o.invoice_date">
                        <font color="#fff">
                        <strong>Invoice Date:</strong><p t-field="o.invoice_date"/></font>
                    </div>
                    <div t-if="o.name">
                        <font color="#fff">
                        <strong>Invoice Date:</strong> <p t-field="o.name"/></font> 
                    </div>
                </div>
            </div>
    <div style="padding-top:20px;"></div>
                <!-- Is there a discount on at least one line? -->
                <t t-set="display_discount" t-value="any([l.discount for l in o.invoice_line_ids])"/>

                <table class="table table-sm">
                    <thead>
                        <tr>
                            <th style="background-color:#893b74 !important;color:#FFF !important;">Description</th>
                            <th style="background-color:#893b74 !important;color:#FFF !important;">Quantity </th>
                            <th style="background-color:#893b74 !important;color:#FFF !important;">Unit Price</th>
                            <th style="background-color:#893b74 !important;color:#FFF !important;"  t-if="display_discount" class="text-right" groups="sale.group_discount_per_so_line">Disc.(%)</th>
                            <th style="background-color:#893b74 !important;color:#FFF !important;">Taxes</th>
                            <th style="background-color:#893b74 !important;color:#FFF !important;">Price</th>
                        </tr>
                    </thead>
                    <tbody class="invoice_tbody">
                        <tr t-foreach="o.invoice_line_ids" t-as="l">
                            <td><span t-field="l.name"/></td>
                            <td class="text-right">
                                <span t-field="l.quantity"/>
                                <span t-field="l.uom_id"  groups="product.group_uom"/>
                            </td>
                            <td class="text-right">
                                <span t-field="l.price_unit"/>
                            </td>
                            <td t-if="display_discount" class="text-right" groups="sale.group_discount_per_so_line">
                                <span t-field="l.discount"/>
                            </td>
                            <td>
                                <span t-esc="', '.join(map(lambda x: (x.description or x.name), l.tax_ids))"/>
                            </td>
                            <td class="text-right">
                                <span t-field="l.price_subtotal" 
                                    t-field-options='{"widget": "monetary", "display_currency": "o.currency_id"}'/>
                            </td>
                        </tr>
                    </tbody>
                </table>

                <div>
                    <div class="col-4 pull-right">
                        <table class="table table-condensed">
                            <tr class="border-black">
                                <td><strong>Subtotal</strong></td>
                                <td class="text-right">
                                    <span t-field="o.amount_untaxed" t-field-options='{"widget": "monetary", "display_currency": "o.currency_id"}'/>
                                </td>
                            </tr>
                            <t t-foreach="payments_vals" t-as="payment_vals">
                                <tr>
                                    <td><span t-esc="amount_by_group[0]"/></td>
                                    <td class="text-right">
                                        <span t-esc="amount_by_group[1]"/>
                                    </td>
                                </tr>
                            </t>
                            <tr class="border-black">
                                <td><strong>Total</strong></td>
                                <td class="text-right">
                                     <span t-field="o.amount_total" t-field-options='{"widget": "monetary", "display_currency": "o.currency_id"}'/>
                                </td>
                            </tr>
                            <tr class="border-black">
                                <td><strong>Amount Due</strong></td>
                                <td class="text-right">
                                     <span t-field="o.amount_residual" t-field-options='{"widget": "monetary", "display_currency": "o.currency_id"}'/>
                                </td>
                            </tr>
                        </table>
                    </div>
                </div>
                <br/><br/><br/><br/><br/>
    <div style="padding-top:50px;">
    </div>
    <div style=" background-color: #893b74; color:#fff !important; font:15px lucida-console,sans-serif !important; ">
                <p t-if="o.narration">
                <strong><span>Comments:</span> </strong> <span t-field="o.narration" />
                </p>
                </div>
                <div class="oe_structure"/>
                <div>
                <div class="col-xs-6" style=" background-color: #893b74; color:#fff !important; font:15px lucida-console,sans-serif !important; " t-if="o.paypal_chk">
                <strong >Paypal Account Details</strong><br/>
                    <span>Paypal Id : </span><span t-field="o.paypal_id"/>
                </div><br/><br/><br/>
                <div class="col-xs-6"  style=" background-color: #893b74; color:#fff !important; font:15px lucida-console,sans-serif !important; " t-if="o.paypal_chk == False">
                <strong >Bank Account Details</strong><br/>
                    <span>Account Id : </span><span  t-field="o.company_id.bank_account_id.acc_number"/><br/>
                    <span>Bank Name : </span><span  t-field="o.company_id.bank_account_id.bank_id.name"/><br/>
                    <span>Branch Name/Address : </span><span  t-field="o.company_id.bank_account_id.branch_name"/><br/>
                    <span t-field="o.company_id.bank_account_id.street"/><br/>
                    <span  t-field="o.company_id.bank_account_id.street2"/><span>,</span>
                    <span t-field="o.company_id.bank_account_id.city"/><span>,</span>
                    <span  t-field="o.company_id.bank_account_id.zip"/><br/>
                    <span  t-field="o.company_id.bank_account_id.state_id"/><span>,</span><span  t-field="o.company_id.bank_account_id.country_id"/><br/>
                    <span>Swift Code : </span><span  t-field="o.company_id.bank_account_id.swift_code"/><br/>
                    <span>IFSC Code : </span><span  t-field="o.company_id.bank_account_id.ifsc"/><br/>
                    
                </div>
                </div>
                <p t-if="o.fiscal_position_id.note">
                    <strong>Fiscal Position Remark:</strong>
                    <span t-field="o.fiscal_position_id.note"/>
                </p>
            
            </div>
    </t>
</template>


</data>
</odoo>
