<?xml version="1.0" encoding="utf-8"?>
<odoo noupdate="1">
    <!-- Request mail message subtypes -->
    <record id="mt_request_created" model="mail.message.subtype">
        <field name="name">Request created</field>
        <field name="res_model">request.request</field>
        <field name="default" eval="False"/>
        <field name="internal" eval="True"/>
        <field name="hidden" eval="True"/>
        <field name="description">Request created!</field>
    </record>

    <record id="mt_request_stage_changed"
            model="mail.message.subtype">
        <field name="name">Request stage changed</field>
        <field name="res_model">request.request</field>
        <field name="default" eval="False"/>
        <field name="internal" eval="True"/>
        <field name="description">Request stage changed!</field>
    </record>

    <record id="mt_request_closed"
            model="mail.message.subtype">
        <field name="name">Request closed</field>
        <field name="res_model">request.request</field>
        <field name="default" eval="False"/>
        <field name="internal" eval="True"/>
        <field name="description">Request closed!</field>
    </record>

    <record id="mt_request_reopened"
            model="mail.message.subtype">
        <field name="name">Request reopened</field>
        <field name="res_model">request.request</field>
        <field name="default" eval="False"/>
        <field name="internal" eval="True"/>
        <field name="description">Request reopened!</field>
    </record>

    <record id="mt_request_updated"
            model="mail.message.subtype">
        <field name="name">Request updated</field>
        <field name="res_model">request.request</field>
        <field name="default" eval="False"/>
        <field name="internal" eval="True"/>
        <field name="description">Request updated</field>
    </record>


    <!-- Request Type mail message subtypes -->
    <record id="mt_type_request_created" model="mail.message.subtype">
        <field name="name">Request created</field>
        <field name="default" eval="False"/>
        <field name="internal" eval="True"/>
        <field name="res_model">request.type</field>
        <field name="parent_id" eval="ref('generic_request.mt_request_created')"/>
        <field name="relation_field">type_id</field>
    </record>
    <record id="mt_type_request_stage_changed" model="mail.message.subtype">
        <field name="name">Request stage changed</field>
        <field name="default" eval="False"/>
        <field name="internal" eval="True"/>
        <field name="res_model">request.type</field>
        <field name="parent_id" eval="ref('generic_request.mt_request_stage_changed')"/>
        <field name="relation_field">type_id</field>
    </record>
    <record id="mt_type_request_closed" model="mail.message.subtype">
        <field name="name">Request closed</field>
        <field name="default" eval="False"/>
        <field name="internal" eval="True"/>
        <field name="res_model">request.type</field>
        <field name="parent_id" eval="ref('generic_request.mt_request_closed')"/>
        <field name="relation_field">type_id</field>
    </record>
    <record id="mt_type_request_reopened" model="mail.message.subtype">
        <field name="name">Request reopened</field>
        <field name="default" eval="False"/>
        <field name="internal" eval="True"/>
        <field name="res_model">request.type</field>
        <field name="parent_id" eval="ref('generic_request.mt_request_reopened')"/>
        <field name="relation_field">type_id</field>
    </record>
    <record id="mt_type_request_updated" model="mail.message.subtype">
        <field name="name">Request updated</field>
        <field name="default" eval="False"/>
        <field name="internal" eval="True"/>
        <field name="res_model">request.type</field>
        <field name="parent_id" eval="ref('generic_request.mt_request_updated')"/>
        <field name="relation_field">type_id</field>
    </record>
    <!-- Subrequest mail message subtypes -->
    <record id="mt_request_subrequest_created" model="mail.message.subtype">
        <field name="name">Subrequest created</field>
        <field name="default" eval="False"/>
        <field name="internal" eval="True"/>
        <field name="res_model">request.request</field>
        <field name="parent_id" eval="ref('generic_request.mt_request_created')"/>
        <field name="relation_field">parent_id</field>
    </record>
    <record id="mt_request_subrequest_stage_changed" model="mail.message.subtype">
        <field name="name">Subrequest stage changed</field>
        <field name="default" eval="False"/>
        <field name="internal" eval="True"/>
        <field name="res_model">request.request</field>
        <field name="parent_id" eval="ref('generic_request.mt_request_stage_changed')"/>
        <field name="relation_field">parent_id</field>
    </record>
    <record id="mt_request_subrequest_closed" model="mail.message.subtype">
        <field name="name">Subrequest closed</field>
        <field name="default" eval="False"/>
        <field name="internal" eval="True"/>
        <field name="res_model">request.request</field>
        <field name="parent_id" eval="ref('generic_request.mt_request_closed')"/>
        <field name="relation_field">parent_id</field>
    </record>
    <record id="mt_request_subrequest_reopened" model="mail.message.subtype">
        <field name="name">Subrequest reopened</field>
        <field name="default" eval="False"/>
        <field name="internal" eval="True"/>
        <field name="res_model">request.request</field>
        <field name="parent_id" eval="ref('generic_request.mt_request_reopened')"/>
        <field name="relation_field">parent_id</field>
    </record>
</odoo>
